timestamp,price,position,return,strat_return,strat_return_adj,equity
2025-04-13 05:00:00,84480.0,0.0,0.0,0.0,0.0,10000.0
2025-04-13 06:00:00,84615.9,0.0,0.001608664772727142,0.0,0.0,10000.0
2025-04-13 07:00:00,84456.0,0.0,-0.0018897157626402983,-0.0,-0.0,10000.0
2025-04-13 08:00:00,84642.0,0.0,0.0022023302074452022,0.0,0.0,10000.0
2025-04-13 09:00:00,84879.0,0.0,0.0028000283547175986,0.0,0.0,10000.0
2025-04-13 10:00:00,84676.9,0.0,-0.0023810365343607254,-0.0,-0.0,10000.0
2025-04-13 11:00:00,84446.7,0.0,-0.002718569054842579,-0.0,-0.0,10000.0
2025-04-13 12:00:00,84392.9,0.0,-0.0006370882461955718,-0.0,-0.0,10000.0
2025-04-13 13:00:00,83510.9,0.0,-0.010451116148396333,-0.0,-0.0,10000.0
2025-04-13 14:00:00,84049.0,0.0,0.006443470253583827,0.0,0.0,10000.0
2025-04-13 15:00:00,83820.5,0.0,-0.0027186522147795156,-0.0,-0.0,10000.0
2025-04-13 16:00:00,84206.1,0.0,0.004600306607572158,0.0,0.0,10000.0
2025-04-13 17:00:00,84798.0,0.0,0.007029181971377252,0.0,0.0,10000.0
2025-04-13 18:00:00,84693.7,0.0,-0.0012299818391943163,-0.0,-0.0,10000.0
2025-04-13 19:00:00,83916.9,0.2138253352471217,-0.009171874649472223,-0.001961179171767975,-0.002661179171767975,9973.38820828232
2025-04-13 20:00:00,83484.1,0.0,-0.005157483176809308,-0.0,-0.0007,9966.406836536522
2025-04-13 21:00:00,83593.4,0.16058729066273822,0.0013092313386620091,0.0002102459135264819,-0.000489754086473518,9961.52574806087
2025-04-13 22:00:00,83314.6,0.15279339059424202,-0.0033351915342597627,-0.0005095952228007612,-0.0012095952228007613,9949.476334104209
2025-04-13 23:00:00,83719.0,0.14847022641687485,0.00485389115473156,0.0007206583187458609,2.0658318745860873e-05,9949.681873557673
2025-04-14 00:00:00,84301.3,-0.14548175243141195,0.006955410360850012,-0.001011885288176059,-0.0017118852881760592,9932.649159536299
2025-04-14 01:00:00,84199.9,-0.13095126742102392,-0.0012028284261335065,0.00015751190689221813,-0.0005424880931077818,9927.260815634234
2025-04-14 02:00:00,85061.1,-0.13027982244704378,0.010228040650879677,-0.0013325073199777504,-0.0020325073199777503,9907.083585359129
2025-04-14 03:00:00,84547.9,-0.11916313433075709,-0.00603331017351072,0.0007189481506651812,1.8948150665181254e-05,9907.271306271557
2025-04-14 04:00:00,84857.1,0.0,0.0036570985204837925,0.0,-0.0007,9900.336216357166
2025-04-14 05:00:00,84509.9,0.1243284045999964,-0.004091584558039485,-0.0005087001803870306,-0.0012087001803870305,9888.369678186564
2025-04-14 06:00:00,84555.0,0.12191617392198188,0.0005336652865521874,6.506242989142077e-05,-0.0006349375701085792,9882.091180770762
2025-04-14 07:00:00,84564.1,0.0,0.00010762225770211131,0.0,-0.0007,9875.17371694422
2025-04-14 08:00:00,84741.9,0.0,0.0021025470619326914,0.0,0.0,9875.17371694422
2025-04-14 09:00:00,84439.0,0.1270106235312784,-0.0035743829203734867,-0.0004539846034561884,-0.0011539846034561885,9863.777918518414
2025-04-14 10:00:00,84681.1,0.1403593198586417,0.0028671585404849154,0.00040243242266935854,-0.00029756757733064146,9860.84277801987
2025-04-14 11:00:00,84888.1,-0.15152335083044308,0.002444465175818422,-0.0003703935544283355,-0.0010703935544283355,9850.287795469048
2025-04-14 12:00:00,85077.1,0.0,0.002226460481504544,0.0,-0.0007,9843.392594012219
2025-04-14 13:00:00,84367.4,0.0,-0.008341845220394384,-0.0,-0.0,9843.392594012219
2025-04-14 14:00:00,85437.1,0.15019847655808385,0.012679067981234526,0.0019043766949578057,0.0012043766949578058,9855.247746651768
2025-04-14 15:00:00,84123.1,0.0,-0.01537973550132199,-0.0,-0.0007,9848.349073229112
2025-04-14 16:00:00,84375.1,0.0,0.002995610004861815,0.0,0.0,9848.349073229112
2025-04-14 17:00:00,84861.1,0.14073887911515753,0.005759993173341416,0.0008106549829270301,0.0001106549829270301,9849.43884212767
2025-04-14 18:00:00,84989.8,0.0,0.0015165959432530407,0.0,-0.0007,9842.544234938181
2025-04-14 19:00:00,84906.0,0.0,-0.0009860006730220139,-0.0,-0.0,9842.544234938181
2025-04-14 20:00:00,84858.7,-0.14793837310035773,-0.0005570866605423275,8.241449423654319e-05,-0.0006175855057634569,9836.465622278849
2025-04-14 21:00:00,84693.8,-0.1468274777134704,-0.0019432303346621493,0.00028531960865474636,-0.00041468039134525363,9832.386632865147
2025-04-14 22:00:00,84530.7,-0.14669516744183989,-0.0019257607994919157,0.000282499802934398,-0.00041750019706560197,9828.2816095083
2025-04-14 23:00:00,84530.7,-0.14886332220380588,0.0,-0.0,-0.0007,9821.401812381644
2025-04-15 00:00:00,84888.0,-0.15392226925378955,0.00422686668867045,-0.0006506089125534068,-0.0013506089125534066,9808.136939560072
2025-04-15 01:00:00,84954.0,0.0,0.000777495052304289,0.0,-0.0007,9801.27124370238
2025-04-15 02:00:00,85232.3,0.15000535733396503,0.003275890481907906,0.0004914011223255304,-0.0002085988776744696,9799.226709521161
2025-04-15 03:00:00,85332.1,0.0,0.0011709175981406972,0.0,-0.0007,9792.367250824494
2025-04-15 04:00:00,85495.6,0.0,0.0019160433178135872,0.0,0.0,9792.367250824494
2025-04-15 05:00:00,85539.0,0.0,0.0005076284627512084,0.0,0.0,9792.367250824494
2025-04-15 06:00:00,85349.9,0.0,-0.002210687522650523,-0.0,-0.0,9792.367250824494
2025-04-15 07:00:00,85673.4,0.0,0.0037902797777149555,0.0,0.0,9792.367250824494
2025-04-15 08:00:00,85797.0,0.0,0.0014426881622535692,0.0,0.0,9792.367250824494
2025-04-15 09:00:00,85943.7,-0.26760455692259505,0.0017098499947549861,-0.00045756365025050955,-0.0011575636502505096,9781.031962445037
2025-04-15 10:00:00,85650.1,-0.26950545748478716,-0.0034161899010630714,0.0009206818221409129,0.00022068182214091288,9783.190458400928
2025-04-15 11:00:00,85553.7,0.0,-0.001125509485686682,-0.0,-0.0007,9776.342225080047
2025-04-15 12:00:00,85760.0,0.0,0.0024113509994307947,0.0,0.0,9776.342225080047
2025-04-15 13:00:00,85587.6,0.27274498343973924,-0.0020102611940298054,-0.0005482886560752098,-0.0012482886560752097,9764.138527982572
2025-04-15 14:00:00,85179.4,0.0,-0.00476938248063985,-0.0,-0.0007,9757.303631012983
2025-04-15 15:00:00,84871.6,0.22513829924045564,-0.0036135497549876217,-0.0008135484460586784,-0.0015135484460586783,9742.53547926454
2025-04-15 16:00:00,84858.1,0.22006696323261388,-0.0001590638093308394,-3.5004689479649344e-05,-0.0007350046894796493,9735.37466999986
2025-04-15 17:00:00,84490.3,-0.22870958783212675,-0.004334294545836004,0.0009912947191211875,0.0002912947191211875,9738.210533229894
2025-04-15 18:00:00,84231.1,-0.21753655390974644,-0.0030678077838520723,0.0006673603333566761,-3.2639666643323874e-05,9737.892681284387
2025-04-15 19:00:00,84018.0,0.21474039420154872,-0.002529944402958173,-0.0005432812583992399,-0.0012432812583992399,9725.785741817444
2025-04-15 20:00:00,83991.7,0.21416551935092576,-0.00031302816063227823,-6.703983859327688e-05,-0.0007670398385932769,9718.325676691848
2025-04-15 21:00:00,84186.0,0.0,0.002313323816520052,0.0,-0.0007,9711.522848718163
2025-04-15 22:00:00,83825.4,0.0,-0.004283372532250085,-0.0,-0.0,9711.522848718163
2025-04-15 23:00:00,83633.5,0.2074811784926641,-0.0022892822461926254,-0.0004749829783423791,-0.001174982978342379,9700.111974677136
2025-04-16 00:00:00,83171.4,0.21009033884526263,-0.00552529787704692,-0.0011608117032097976,-0.0018608117032097977,9682.061892792211
2025-04-16 01:00:00,83630.5,0.0,0.005519926320826762,0.0,-0.0007,9675.284449467257
2025-04-16 02:00:00,83860.0,0.2036511746304675,0.0027442141324038882,0.0005588624315015811,-0.00014113756849841886,9673.918903345528
2025-04-16 03:00:00,83682.7,0.0,-0.0021142380157405105,-0.0,-0.0007,9667.147160113187
2025-04-16 04:00:00,83565.0,0.0,-0.0014065033752496126,-0.0,-0.0,9667.147160113187
2025-04-16 05:00:00,83403.1,0.25641964907073694,-0.0019374139891101816,-0.0004967910151923693,-0.0011967910151923693,9655.577605249422
2025-04-16 06:00:00,83673.0,0.2642905686015821,0.003236090744828335,0.000855268262996998,0.00015526826299699806,9657.076810012422
2025-04-16 07:00:00,83309.9,0.0,-0.004339512148482827,-0.0,-0.0007,9650.316856245412
2025-04-16 08:00:00,83741.9,0.0,0.005185458150831934,0.0,0.0,9650.316856245412
2025-04-16 09:00:00,83651.2,0.24092238857281423,-0.0010830898271951828,-0.00026094058820678003,-0.00096094058820678,9641.04347508919
2025-04-16 10:00:00,83963.9,0.0,0.003738141234076675,0.0,-0.0007,9634.294744656627
2025-04-16 11:00:00,84033.9,0.0,0.0008336916222329016,0.0,0.0,9634.294744656627
2025-04-16 12:00:00,83775.5,0.0,-0.0030749495144221095,-0.0,-0.0,9634.294744656627
2025-04-16 13:00:00,83772.0,-0.24502511507369423,-4.177832421170535e-05,1.023673869755921e-05,-0.0006897632613024408,9627.649362093205
2025-04-16 14:00:00,84604.2,0.23161935014174365,0.009934106861481107,0.0023009313754948904,0.0016009313754948903,9643.062568029243
2025-04-16 15:00:00,84843.0,0.0,0.0028225549086215995,0.0,-0.0007,9636.312424231623
2025-04-16 16:00:00,85100.1,0.0,0.003030303030303161,0.0,0.0,9636.312424231623
2025-04-16 17:00:00,83339.2,0.0,-0.020692102594474182,-0.0,-0.0,9636.312424231623
2025-04-16 18:00:00,84030.0,-0.1579048285038279,0.008289016453241649,-0.0013088757215145303,-0.0020088757215145302,9616.954270157656
2025-04-16 19:00:00,84375.0,-0.1449365385011462,0.004105676544091441,-0.0005950625465059621,-0.001295062546505962,9604.499712870915
2025-04-16 20:00:00,84301.1,0.14332514332493793,-0.0008758518518517944,-0.00012553159219807073,-0.0008255315921980708,9596.570894930683
2025-04-16 21:00:00,84564.1,0.144148596610241,0.0031197694929248065,0.000449710394152554,-0.000250289605847446,9594.168972983904
2025-04-16 22:00:00,84499.4,0.0,-0.0007651000838418964,-0.0,-0.0007,9587.453054702813
2025-04-16 23:00:00,84023.8,-0.15467562312155705,-0.005628442332134775,0.0008705828249266961,0.00017058282492669614,9589.088509528738
2025-04-17 00:00:00,84212.9,-0.1508328126007768,0.002250552819558216,-0.0003394572116805742,-0.0010394572116805743,9579.121062324066
2025-04-17 01:00:00,84293.4,0.0,0.0009559105552712222,0.0,-0.0007,9572.415677580439
2025-04-17 02:00:00,84266.8,-0.15209290703841172,-0.0003155644451403594,4.799511381936066e-05,-0.0006520048861806394,9566.174415786103
2025-04-17 03:00:00,84016.7,-0.15594020806854944,-0.0029679541646295826,0.00046282338997025494,-0.00023717661002974506,9563.905542967213
2025-04-17 04:00:00,84157.3,0.0,0.0016734768206798645,0.0,-0.0007,9557.210809087137
2025-04-17 05:00:00,84400.1,-0.17559262510943802,0.0028850735467986777,-0.0005065976377161769,-0.001206597637716177,9545.679101101738
2025-04-17 06:00:00,84800.0,0.0,0.004738146044850566,0.0,-0.0007,9538.997125730966
2025-04-17 07:00:00,84621.6,-0.18484532407312235,-0.002103773584905544,0.0003888727100783396,-0.0003111272899216604,9536.029283406666
2025-04-17 08:00:00,84443.0,-0.2378808217077599,-0.002110572241602715,0.0005020646591060426,-0.00019793534089395737,9534.14176619968
2025-04-17 09:00:00,84484.5,-0.2759653860551038,0.0004914557749013948,-0.0001356247826496736,-0.0008356247826496736,9526.174801058549
2025-04-17 10:00:00,84347.5,0.304917889967274,-0.0016215992282607727,-0.0004944546150538348,-0.0011944546150538349,9514.796217603614
2025-04-17 11:00:00,84582.9,-0.3098236218371816,0.00279083553158066,-0.000864666772346216,-0.001564666772346216,9499.908732116284
2025-04-17 12:00:00,84771.0,0.0,0.002223853757674421,0.0,-0.0007,9493.258796003804
2025-04-17 13:00:00,84447.0,0.0,-0.0038220617899988873,-0.0,-0.0,9493.258796003804
2025-04-17 14:00:00,84077.8,0.0,-0.004371972953450043,-0.0,-0.0,9493.258796003804
2025-04-17 15:00:00,84515.9,0.0,0.0052106501359454604,0.0,0.0,9493.258796003804
2025-04-17 16:00:00,84948.9,0.0,0.005123296326490001,0.0,0.0,9493.258796003804
2025-04-17 17:00:00,85127.7,0.0,0.002104794764852702,0.0,0.0,9493.258796003804
2025-04-17 18:00:00,84926.2,-0.25276689475805847,-0.002367032117630341,0.0005983073581660127,-0.00010169264183398734,9492.293401437222
2025-04-17 19:00:00,84923.8,-0.2409721505037395,-2.82598302996373e-05,6.809832080174337e-06,-0.0006931901679198256,9485.713436980337
2025-04-17 20:00:00,85137.4,-0.23036545834445796,0.0025151959756863906,-0.0005794142737651315,-0.0012794142737651316,9473.577279812218
2025-04-17 21:00:00,85063.4,0.0,-0.0008691832261732424,-0.0,-0.0007,9466.945775716349
2025-04-17 22:00:00,84743.6,0.0,-0.0037595487601012056,-0.0,-0.0,9466.945775716349
2025-04-17 23:00:00,84910.1,0.0,0.0019647501404236323,0.0,0.0,9466.945775716349
2025-04-18 00:00:00,84771.0,0.0,-0.001638203229062385,-0.0,-0.0,9466.945775716349
2025-04-18 01:00:00,84948.8,0.0,0.0020974153896968772,0.0,0.0,9466.945775716349
2025-04-18 02:00:00,84906.1,0.0,-0.0005026557173262169,-0.0,-0.0,9466.945775716349
2025-04-18 03:00:00,84831.2,-0.24995536511274785,-0.0008821509879738398,0.00022049837228357237,-0.0004795016277164276,9462.406359807392
2025-04-18 04:00:00,84675.7,-0.2626346002319292,-0.0018330519903054787,0.00048142287667822157,-0.00021857712332177843,9460.338094245564
2025-04-18 05:00:00,84742.2,0.0,0.0007853492796634498,0.0,-0.0007,9453.715857579593
2025-04-18 06:00:00,84717.1,0.0,-0.00029619245193057697,-0.0,-0.0,9453.715857579593
2025-04-18 07:00:00,84600.0,0.0,-0.001382247503750822,-0.0,-0.0,9453.715857579593
2025-04-18 08:00:00,84612.0,0.0,0.00014184397163119478,0.0,0.0,9453.715857579593
2025-04-18 09:00:00,84560.1,0.0,-0.0006133881718904943,-0.0,-0.0,9453.715857579593
2025-04-18 10:00:00,84550.0,0.0,-0.00011944167521094062,-0.0,-0.0,9453.715857579593
2025-04-18 11:00:00,84615.9,0.0,0.0007794204612654454,0.0,0.0,9453.715857579593
2025-04-18 12:00:00,84641.3,0.0,0.0003001799898127988,0.0,0.0,9453.715857579593
2025-04-18 13:00:00,84564.0,0.0,-0.00091326574615469,-0.0,-0.0,9453.715857579593
2025-04-18 14:00:00,84537.1,0.0,-0.00031810226573947276,-0.0,-0.0,9453.715857579593
2025-04-18 15:00:00,84364.4,-0.58484418079698,-0.00204289004472602,0.001194772354666095,0.0004947723546660951,9458.39329483479
2025-04-18 16:00:00,84464.1,0.0,0.0011817780959741953,0.0,-0.0007,9451.772419528406
2025-04-18 17:00:00,84559.5,0.0,0.0011294739421836564,0.0,0.0,9451.772419528406
2025-04-18 18:00:00,84601.7,0.0,0.00049905687711016,0.0,0.0,9451.772419528406
2025-04-18 19:00:00,84533.2,0.0,-0.0008096764013015845,-0.0,-0.0,9451.772419528406
2025-04-18 20:00:00,84506.5,0.0,-0.0003158522332054048,-0.0,-0.0,9451.772419528406
2025-04-18 21:00:00,84620.4,-0.6554613980012256,0.001347825315212381,-0.0008834474653705498,-0.0015834474653705498,9436.806034447445
2025-04-18 22:00:00,84521.8,0.0,-0.001165203662473746,-0.0,-0.0007,9430.200270223331
2025-04-18 23:00:00,84472.5,-0.6945133445730157,-0.0005832814729455071,0.0004050967666028591,-0.00029490323339714087,9427.41927367206
2025-04-19 00:00:00,84446.7,0.0,-0.00030542484240436707,-0.0,-0.0007,9420.820080180489
2025-04-19 01:00:00,84541.9,0.0,0.0011273383092529343,0.0,0.0,9420.820080180489
2025-04-19 02:00:00,84755.0,0.0,0.0025206436098550444,0.0,0.0,9420.820080180489
2025-04-19 03:00:00,84897.5,0.0,0.0016813167364757575,0.0,0.0,9420.820080180489
2025-04-19 04:00:00,85031.9,0.0,0.0015830854854381737,0.0,0.0,9420.820080180489
2025-04-19 05:00:00,85068.2,0.0,0.0004268986109918771,0.0,0.0,9420.820080180489
2025-04-19 06:00:00,84920.7,0.0,-0.0017339029155430952,-0.0,-0.0,9420.820080180489
2025-04-19 07:00:00,85221.1,0.0,0.003537417849829305,0.0,0.0,9420.820080180489
2025-04-19 08:00:00,85324.5,0.0,0.0012133145429946701,0.0,0.0,9420.820080180489
2025-04-19 09:00:00,85334.9,0.0,0.00012188761727283115,0.0,0.0,9420.820080180489
2025-04-19 10:00:00,85248.1,-0.5162622612260384,-0.001017168825415915,0.0005251258778578538,-0.00017487412214214622,9419.172622539108
2025-04-19 11:00:00,85187.0,-0.5101111313510143,-0.0007167315165969024,0.00036561272480617414,-0.00033438727519382585,9416.022971071276
2025-04-19 12:00:00,85284.0,0.0,0.0011386713935224169,0.0,-0.0007,9409.431754991527
2025-04-19 13:00:00,85450.0,-0.5274857767200198,0.0019464377843441127,-0.0010267182465119487,-0.0017267182465119488,9393.184317490874
2025-04-19 14:00:00,85373.9,0.0,-0.0008905792861323425,-0.0,-0.0007,9386.60908846863
2025-04-19 15:00:00,85180.7,0.0,-0.0022629866973395973,-0.0,-0.0,9386.60908846863
2025-04-19 16:00:00,84826.0,0.0,-0.0041640888135457965,-0.0,-0.0,9386.60908846863
2025-04-19 17:00:00,85198.9,0.0,0.0043960578124631056,0.0,0.0,9386.60908846863
2025-04-19 18:00:00,85130.1,-0.39073402176793864,-0.0008075221628447427,0.00031552638235507057,-0.0003844736176449294,9383.000184914967
2025-04-19 19:00:00,85083.3,0.0,-0.0005497467993107463,-0.0,-0.0007,9376.432084785527
2025-04-19 20:00:00,85214.5,0.0,0.001542018233895437,0.0,0.0,9376.432084785527
2025-04-19 21:00:00,85332.3,0.0,0.0013823938414236903,0.0,0.0,9376.432084785527
2025-04-19 22:00:00,85246.6,0.0,-0.0010043090365546847,-0.0,-0.0,9376.432084785527
2025-04-19 23:00:00,85121.3,0.0,-0.0014698533431245497,-0.0,-0.0,9376.432084785527
2025-04-20 00:00:00,85158.0,0.0,0.00043114943028355057,0.0,0.0,9376.432084785527
2025-04-20 01:00:00,85278.8,0.0,0.001418539655698936,0.0,0.0,9376.432084785527
2025-04-20 02:00:00,85255.1,0.0,-0.00027791197812343515,-0.0,-0.0,9376.432084785527
2025-04-20 03:00:00,85157.1,0.0,-0.0011494913500775805,-0.0,-0.0,9376.432084785527
2025-04-20 04:00:00,85226.0,0.0,0.0008090928413484466,0.0,0.0,9376.432084785527
2025-04-20 05:00:00,85111.0,0.0,-0.0013493534836787058,-0.0,-0.0,9376.432084785527
2025-04-20 06:00:00,84951.1,0.5543456741208629,-0.001878723079272837,-0.0010414620118659242,-0.001741462011865924,9360.103384503032
2025-04-20 07:00:00,84788.1,0.6270715757373544,-0.0019187509049323204,-0.0012031941534033847,-0.0019031941534033846,9342.289290466395
2025-04-20 08:00:00,84641.7,-0.6665079742873884,-0.0017266573964979104,0.0011508309236281582,0.00045083092362815816,9346.501083376019
2025-04-20 09:00:00,84536.6,0.0,-0.0012417047389170488,-0.0,-0.0007,9339.958532617655
2025-04-20 10:00:00,84168.9,0.0,-0.004349595323209221,-0.0,-0.0,9339.958532617655
2025-04-20 11:00:00,84128.9,0.0,-0.0004752349145586976,-0.0,-0.0,9339.958532617655
2025-04-20 12:00:00,84379.5,-0.578082418032822,0.0029787623515820094,-0.001721970142947663,-0.002421970142947663,9317.337431915286
2025-04-20 13:00:00,84374.6,0.0,-5.807097695520458e-05,-0.0,-0.0007,9310.815295712944
2025-04-20 14:00:00,84641.0,-0.5004110519330071,0.003157348301503049,-0.0015799719848740338,-0.002279971984874034,9289.586897682382
2025-04-20 15:00:00,84366.0,-0.46280991735322335,-0.0032490164341159034,0.0015036770273524458,0.0008036770273524458,9297.052725265643
2025-04-20 16:00:00,84608.9,-0.43585193486936363,0.0028791219211530272,-0.0012548708600593464,-0.0019548708600593463,9278.878187808587
2025-04-20 17:00:00,84584.0,0.0,-0.00029429528099278457,-0.0,-0.0007,9272.38297307712
2025-04-20 18:00:00,84583.4,0.40812756901561936,-7.09354014949426e-06,-2.8950692969277853e-06,-0.0007028950692969278,9265.865460804713
2025-04-20 19:00:00,84649.3,0.40698857524762133,0.0007791126864138409,0.0003170899622009159,-0.0003829100377990841,9262.317467910872
2025-04-20 20:00:00,85067.9,0.0,0.004945108819564892,0.0,-0.0007,9255.833845683335
2025-04-20 21:00:00,84999.0,-0.38542010791614384,-0.0008099412351779689,0.0003121676382680276,-0.0003878323617319724,9252.244133783166
2025-04-20 22:00:00,84833.6,0.0,-0.0019459052459439574,-0.0,-0.0007,9245.767562889516
2025-04-20 23:00:00,85150.1,0.0,0.003730833066143635,0.0,0.0,9245.767562889516
2025-04-21 00:00:00,86549.1,0.35376762520722055,0.016429810417133872,0.005812335013874304,0.005112335013874304,9293.035024131419
2025-04-21 01:00:00,87255.0,0.0,0.008156064014530395,0.0,-0.0007,9286.529899614527
2025-04-21 02:00:00,87353.9,0.0,0.001133459400607384,0.0,0.0,9286.529899614527
2025-04-21 03:00:00,87176.4,0.0,-0.0020319642282714545,-0.0,-0.0,9286.529899614527
2025-04-21 04:00:00,87353.6,0.22971908637385008,0.0020326602153795115,0.0004669408475854547,-0.00023305915241454532,9284.36558882725
2025-04-21 05:00:00,87540.4,0.23227262169372473,0.0021384350501867377,0.0004966999154286253,-0.00020330008457137465,9282.47807651785
2025-04-21 06:00:00,87515.0,0.23168067783093366,-0.000290151747079026,-6.722255343709837e-05,-0.0007672225534370984,9275.35634998576
2025-04-21 07:00:00,87435.4,-0.23180726881310784,-0.0009095583614238123,0.00021084223958777956,-0.0004891577604122204,9270.819237446574
2025-04-21 08:00:00,87597.4,0.0,0.001852796464589801,0.0,-0.0007,9264.329663980361
2025-04-21 09:00:00,87493.3,-0.2246722192795827,-0.00118839143627536,0.00026699854136083594,-0.00043300145863916405,9260.318195722544
2025-04-21 10:00:00,87344.0,0.2145429469001618,-0.0017064163770255103,-0.00036609959816575054,-0.0010660995981657505,9250.445774215197
2025-04-21 11:00:00,86974.3,0.0,-0.004232689137204537,-0.0,-0.0007,9243.970462173247
2025-04-21 12:00:00,87039.1,0.0,0.0007450476750028301,0.0,0.0,9243.970462173247
2025-04-21 13:00:00,87078.0,0.20121302710586514,0.00044692557712555647,8.992724826446901e-05,-0.0006100727517355309,9238.330967676427
2025-04-21 14:00:00,88251.9,0.19260930578066038,0.013481017019224106,0.0025965693292900227,0.0018965693292900226,9255.852102843553
2025-04-21 15:00:00,88077.0,0.20206102242836588,-0.001981827020154703,-0.00040044999396862094,-0.0011004499939686208,9245.666500452804
2025-04-21 16:00:00,87146.9,0.21548075295085273,-0.01056007811346893,-0.0022754935831101053,-0.0029754935831101054,9218.15607910913
2025-04-21 17:00:00,86857.7,0.19353857638515434,-0.00331853456634712,-0.0006422644556557471,-0.0013422644556557472,9205.782875857454
2025-04-21 18:00:00,86864.1,0.18102355892284067,7.368373788407823e-05,1.3338492466513581e-05,-0.0006866615075334865,9199.461619109892
2025-04-21 19:00:00,87447.2,0.17932854269908516,0.006712784683200468,0.00120379389469108,0.00050379389469108,9204.096251708044
2025-04-21 20:00:00,87302.6,0.0,-0.0016535692394952228,-0.0,-0.0007,9197.653384331848
2025-04-21 21:00:00,87297.8,0.0,-5.4981180400148766e-05,-0.0,-0.0,9197.653384331848
2025-04-21 22:00:00,87164.9,0.16553355010318416,-0.0015223751343105274,-0.0002520041605712334,-0.0009520041605712334,9188.897180042472
2025-04-21 23:00:00,87500.6,0.0,0.0038513208871922,0.0,-0.0007,9182.464952016442
2025-04-22 00:00:00,87657.3,0.0,0.0017908448627781404,0.0,0.0,9182.464952016442
2025-04-22 01:00:00,88446.0,0.0,0.008997539280812816,0.0,0.0,9182.464952016442
2025-04-22 02:00:00,88139.3,0.0,-0.0034676525789747448,-0.0,-0.0,9182.464952016442
2025-04-22 03:00:00,88154.7,0.0,0.00017472342076674252,0.0,0.0,9182.464952016442
2025-04-22 04:00:00,88055.6,0.1475812487479769,-0.0011241601412061986,-0.00016590495743191283,-0.0008659049574319129,9174.513810093045
2025-04-22 05:00:00,88384.7,0.0,0.003737411362820575,0.0,-0.0007,9168.09165042598
2025-04-22 06:00:00,88237.0,0.0,-0.0016711037091260428,-0.0,-0.0,9168.09165042598
2025-04-22 07:00:00,88449.8,0.185221935568884,0.002411686707390448,0.00044669727992860755,-0.00025330272007139244,9165.769347873063
2025-04-22 08:00:00,88394.0,0.20204644181743273,-0.0006308663219136701,-0.00012746429560510814,-0.0008274642956051081,9158.185000995947
2025-04-22 09:00:00,88510.0,0.0,0.0013123062651310136,0.0,-0.0007,9151.77427149525
2025-04-22 10:00:00,88530.2,0.0,0.0002282227996837083,0.0,0.0,9151.77427149525
2025-04-22 11:00:00,88652.1,0.21775987307662817,0.0013769312618745477,0.00029984037682104296,-0.00040015962317895703,9148.112100951348
2025-04-22 12:00:00,89001.3,0.22790538670608465,0.003938992984937828,0.0008977177194648103,0.00019771771946481035,9149.920844813358
2025-04-22 13:00:00,90217.7,0.21504715676891492,0.013667216096843404,0.002939095962572521,0.002239095962572521,9170.408395634837
2025-04-22 14:00:00,90869.0,0.0,0.007219204213807284,0.0,-0.0007,9163.989109757891
2025-04-22 15:00:00,90980.9,0.0,0.0012314430663922238,0.0,0.0,9163.989109757891
2025-04-22 16:00:00,90737.2,-0.18654230512956577,-0.0026785841863511406,0.0004996692686055442,-0.00020033073139445582,9162.153281117042
2025-04-22 17:00:00,91499.0,0.0,0.00839567454142287,0.0,-0.0007,9155.73977382026
2025-04-22 18:00:00,91568.5,0.0,0.0007595711428540763,0.0,0.0,9155.73977382026
2025-04-22 19:00:00,91557.3,0.0,-0.0001223128040755972,-0.0,-0.0,9155.73977382026
2025-04-22 20:00:00,91200.0,0.0,-0.0039024741882952574,-0.0,-0.0,9155.73977382026
2025-04-22 21:00:00,93011.0,0.17666952703012564,0.019857456140350838,0.0035082073843372467,0.0028082073843372466,9181.45098986217
2025-04-22 22:00:00,92840.0,0.0,-0.0018384922213501298,-0.0,-0.0007,9175.023974169268
2025-04-22 23:00:00,93472.0,0.0,0.006807410598879793,0.0,0.0,9175.023974169268
2025-04-23 00:00:00,92875.3,0.0,-0.006383729887024958,-0.0,-0.0,9175.023974169268
2025-04-23 01:00:00,92665.0,0.0,-0.0022643264678553487,-0.0,-0.0,9175.023974169268
2025-04-23 02:00:00,92899.9,-0.10798053265242541,0.0025349376787351385,-0.0002737239207905231,-0.0009737239207905232,9166.090033851793
2025-04-23 03:00:00,93187.8,0.0,0.0030990345522439178,0.0,-0.0007,9159.673770828096
2025-04-23 04:00:00,93645.4,-0.11827421030830257,0.004910514037245184,-0.0005807871699630088,-0.0012807871699630088,9147.942178181373
2025-04-23 05:00:00,93500.0,0.0,-0.0015526656942038697,-0.0,-0.0007,9141.538618656647
2025-04-23 06:00:00,93679.4,0.12922043159607494,0.0019187165775400583,0.00024793738426027014,-0.00045206261573972986,9137.406070796811
2025-04-23 07:00:00,94136.3,-0.12868120151459625,0.004877272911654185,-0.0006276133383862538,-0.0013276133383862538,9125.275128618969
2025-04-23 08:00:00,94307.0,-0.12950851518470596,0.0018133281210330754,-0.00023484143249766638,-0.0009348414324976664,9116.744443345795
2025-04-23 09:00:00,93948.4,0.0,-0.0038024748958190857,-0.0,-0.0007,9110.362722235453
2025-04-23 10:00:00,93738.9,0.0,-0.0022299475030974625,-0.0,-0.0,9110.362722235453
2025-04-23 11:00:00,93484.6,0.0,-0.0027128545353102274,-0.0,-0.0,9110.362722235453
2025-04-23 12:00:00,93770.1,-0.16966200904027473,0.0030539789441255127,-0.0005181442032270315,-0.0012181442032270316,9099.264986696066
2025-04-23 13:00:00,93024.5,0.0,-0.00795136189467649,-0.0,-0.0007,9092.89550120538
2025-04-23 14:00:00,92981.2,0.16149870801007613,-0.00046546877435516,-7.5172605677392e-05,-0.000775172605677392,9085.846937706558
2025-04-23 15:00:00,93215.1,0.1635017401253967,0.002515562285709372,0.0004112988111073026,-0.00028870118889269737,9083.223842893545
2025-04-23 16:00:00,93668.1,0.15440097934311725,0.004859727662149149,0.0007503467103766663,5.0346710376666286e-05,9083.68115333365
2025-04-23 17:00:00,93914.6,0.1506850789479919,0.0026316323273345432,0.00039654772500649334,-0.00030345227499350665,9080.924689622356
2025-04-23 18:00:00,93677.0,0.1512908350171163,-0.0025299580682875966,-0.000382759468709521,-0.001082759468709521,9071.09223243003
2025-04-23 19:00:00,93587.0,0.1517960728185148,-0.0009607481025224462,-0.00014583778893074715,-0.0008458377889307471,9063.419559832964
2025-04-23 20:00:00,93740.1,0.14497255876545248,0.0016359109705408326,0.00023716219931177926,-0.0004628378006882207,9059.224666657175
2025-04-23 21:00:00,93515.2,0.0,-0.002399186687447652,-0.0,-0.0007,9052.883209390517
2025-04-23 22:00:00,93769.9,0.0,0.002723621400585019,0.0,0.0,9052.883209390517
2025-04-23 23:00:00,93677.0,0.1473901417048765,-0.0009907230358568997,-0.00014602280864523388,-0.0008460228086452339,9045.22426371137
2025-04-24 00:00:00,93443.0,0.0,-0.002497945066558538,-0.0,-0.0007,9038.892606726773
2025-04-24 01:00:00,93598.1,0.0,0.0016598354076817756,0.0,0.0,9038.892606726773
2025-04-24 02:00:00,93130.0,0.0,-0.005001169895542779,-0.0,-0.0,9038.892606726773
2025-04-24 03:00:00,92720.1,0.0,-0.004401374422849713,-0.0,-0.0,9038.892606726773
2025-04-24 04:00:00,92770.7,0.16710033181323744,0.0005457284882133262,9.119141146038325e-05,-0.0006088085885396167,9033.389651276912
2025-04-24 05:00:00,92633.1,0.0,-0.0014832269240179219,-0.0,-0.0007,9027.066278521017
2025-04-24 06:00:00,92434.1,0.2044810562902962,-0.0021482601791368294,-0.0004392785106162798,-0.0011392785106162798,9016.78193589599
2025-04-24 07:00:00,92219.1,0.0,-0.0023259814289314784,-0.0,-0.0007,9010.470188540861
2025-04-24 08:00:00,92046.7,0.21697689196053624,-0.0018694608817479974,-0.00040562981176348403,-0.001105629811763484,9000.507944082405
2025-04-24 09:00:00,92460.7,0.0,0.0044977169197808475,0.0,-0.0007,8994.207588521547
2025-04-24 10:00:00,92564.3,0.0,0.0011204760509060385,0.0,0.0,8994.207588521547
2025-04-24 11:00:00,92631.7,0.0,0.0007281424912195522,0.0,0.0,8994.207588521547
2025-04-24 12:00:00,92776.8,0.0,0.0015664184075214749,0.0,0.0,8994.207588521547
2025-04-24 13:00:00,92843.3,0.0,0.000716774021091382,0.0,0.0,8994.207588521547
2025-04-24 14:00:00,93104.8,0.23439592820732677,0.0028165737322993767,0.0006601934143466871,-3.980658565331293e-05,8993.849559826791
2025-04-24 15:00:00,93266.7,0.0,0.0017389006796642015,0.0,-0.0007,8987.553865134912
2025-04-24 16:00:00,93395.0,0.2269374787240967,0.0013756249551017952,0.0003121808589807501,-0.0003878191410192499,8984.06831971507
2025-04-24 17:00:00,93029.0,0.0,-0.003918839338294289,-0.0,-0.0007,8977.77947189127
2025-04-24 18:00:00,93419.6,0.23050579557375828,0.004198690730847332,0.0009678225472821288,0.0002678225472821288,8980.183923658367
2025-04-24 19:00:00,93617.4,0.22786458333281465,0.0021173286976179373,0.00048246422146132236,-0.00021753577853867763,8978.230412357114
2025-04-24 20:00:00,93500.0,0.0,-0.0012540403813819934,-0.0,-0.0007,8971.945651068463
2025-04-24 21:00:00,93377.5,0.22575911502375984,-0.0013101604278075163,-0.0002957806587209755,-0.0009957806587209755,8963.011561118034
2025-04-24 22:00:00,93450.0,0.2251057192926623,0.0007764183020535498,0.00017477620035575187,-0.0005252237996442482,8958.303974129647
2025-04-24 23:00:00,93999.9,0.2411589409671559,0.005884430176565036,0.0014190829495755984,0.0007190829495755984,8964.74573777456
2025-04-25 00:00:00,93922.7,0.23893231388822464,-0.0008212774694440483,-0.00019622972611853219,-0.0008962297261185322,8956.711266157272
2025-04-25 01:00:00,93707.7,0.0,-0.002289116475569841,-0.0,-0.0007,8950.44156827096
2025-04-25 02:00:00,93000.0,0.0,-0.00755220755604924,-0.0,-0.0,8950.44156827096
2025-04-25 03:00:00,93321.2,0.0,0.003453763440860236,0.0,0.0,8950.44156827096
2025-04-25 04:00:00,93099.1,0.0,-0.0023799522509353466,-0.0,-0.0,8950.44156827096
2025-04-25 05:00:00,93244.8,0.2041203143448684,0.0015649990171762163,0.0003194480913354194,-0.0003805519086645806,8947.035460648764
2025-04-25 06:00:00,93573.7,0.2054261859689702,0.0035272744431860126,0.0007245945357295256,2.459453572952559e-05,8947.255508832073
2025-04-25 07:00:00,93812.0,0.2038468818703166,0.0025466557376698784,0.0005191278313211557,-0.00018087216867884433,8945.637199324468
2025-04-25 08:00:00,93703.8,0.0,-0.0011533705709290132,-0.0,-0.0007,8939.37525328494
2025-04-25 09:00:00,93836.8,0.0,0.0014193661302956961,0.0,0.0,8939.37525328494
2025-04-25 10:00:00,93656.4,0.0,-0.001922486700313808,-0.0,-0.0,8939.37525328494
2025-04-25 11:00:00,94595.0,0.0,0.010021739037588517,0.0,0.0,8939.37525328494
2025-04-25 12:00:00,94475.1,0.0,-0.001267508853533439,-0.0,-0.0,8939.37525328494
2025-04-25 13:00:00,94492.1,0.0,0.00017994159307588298,0.0,0.0,8939.37525328494
2025-04-25 14:00:00,95455.0,-0.19541336906568255,0.010190269874412738,-0.001991314967847523,-0.0026913149678475233,8915.316578862568
2025-04-25 15:00:00,95162.5,-0.17256893512610963,-0.0030642711225185026,0.0005287980045507066,-0.00017120199544929336,8913.790258874205
2025-04-25 16:00:00,95302.1,-0.17224197536910166,0.0014669644029949858,-0.00025267284656801123,-0.0009526728465680112,8905.298332934575
2025-04-25 17:00:00,94573.6,0.17984687323332413,-0.0076441127740102255,-0.0013747697810486507,-0.002074769781048651,8886.82188906218
2025-04-25 18:00:00,95011.7,0.0,0.00463237097879321,0.0,-0.0007,8880.601113739835
2025-04-25 19:00:00,95372.4,0.0,0.0037963745517657355,0.0,0.0,8880.601113739835
2025-04-25 20:00:00,94973.9,0.0,-0.004178357679999634,-0.0,-0.0,8880.601113739835
2025-04-25 21:00:00,94685.5,-0.1564438087360254,-0.0030366237461028067,0.00047506098453858046,-0.00022493901546141953,8878.603520068604
2025-04-25 22:00:00,94911.4,0.0,0.0023857929672441713,0.0,-0.0007,8872.388497604556
2025-04-25 23:00:00,94717.1,0.0,-0.0020471724155368687,-0.0,-0.0,8872.388497604556
2025-04-26 00:00:00,94942.0,0.0,0.002374439251201732,0.0,0.0,8872.388497604556
2025-04-26 01:00:00,95075.2,0.0,0.0014029618082618267,0.0,0.0,8872.388497604556
2025-04-26 02:00:00,95104.3,0.0,0.0003060735081283905,0.0,0.0,8872.388497604556
2025-04-26 03:00:00,94802.0,0.0,-0.003178615477954283,-0.0,-0.0,8872.388497604556
2025-04-26 04:00:00,94604.8,0.0,-0.0020801248918799198,-0.0,-0.0,8872.388497604556
2025-04-26 05:00:00,94708.1,0.0,0.0010919107698552644,0.0,0.0,8872.388497604556
2025-04-26 06:00:00,94680.9,-0.21885258714974823,-0.00028719824386735926,6.28540786952359e-05,-0.0006371459213047641,8866.735491461077
2025-04-26 07:00:00,94681.0,0.0,1.0561792294083716e-06,0.0,-0.0007,8860.528776617053
2025-04-26 08:00:00,94372.3,-0.29045643153442696,-0.0032604218375386074,0.000947010492228383,0.00024701049222838303,8862.71742019157
2025-04-26 09:00:00,94285.6,-0.3106899536174637,-0.0009187017800773578,0.00028543141344051565,-0.00041456858655948434,8859.043215957603
2025-04-26 10:00:00,94224.1,-0.3152088258461312,-0.0006522735179073091,0.00020560236971008835,-0.0004943976302899117,8854.663325984999
2025-04-26 11:00:00,94168.0,0.0,-0.0005953890777413706,-0.0,-0.0007,8848.465061656809
2025-04-26 12:00:00,94284.9,0.0,0.0012413983518817506,0.0,0.0,8848.465061656809
2025-04-26 13:00:00,94123.0,0.0,-0.0017171360419324655,-0.0,-0.0,8848.465061656809
2025-04-26 14:00:00,94282.9,-0.3702626219869402,0.0016988408784248676,-0.0006290172779841882,-0.0013290172779841882,8836.705298706227
2025-04-26 15:00:00,94414.4,0.0,0.0013947386005308537,0.0,-0.0007,8830.519604997133
2025-04-26 16:00:00,94322.7,-0.38853273388132287,-0.0009712501482824765,0.0003773624753948308,-0.00032263752460516917,8827.6705480108
2025-04-26 17:00:00,94355.0,-0.3846259512609217,0.0003424414271431253,-0.00013171185966607217,-0.0008317118596660722,8820.328469722794
2025-04-26 18:00:00,94211.1,-0.41194644696020327,-0.0015250914101000435,0.0006282559876802391,-7.174401231976088e-05,8819.695663968396
2025-04-26 19:00:00,94334.8,-0.42171215133264456,0.0013130087643600241,-0.0005537117507368832,-0.001253711750736883,8808.638307876556
2025-04-26 20:00:00,94171.0,-0.435228650478416,-0.001736368763171181,0.0007557174335278695,5.571743352786947e-05,8809.129102595945
2025-04-26 21:00:00,94385.7,0.0,0.002279895084474015,0.0,-0.0007,8802.962712224129
2025-04-26 22:00:00,94799.0,0.0,0.00437884128633903,0.0,0.0,8802.962712224129
2025-04-26 23:00:00,94663.5,0.0,-0.001429339971940613,-0.0,-0.0,8802.962712224129
2025-04-27 00:00:00,94933.8,0.0,0.002855377204519227,0.0,0.0,8802.962712224129
2025-04-27 01:00:00,94149.6,0.0,-0.00826049310150856,-0.0,-0.0,8802.962712224129
2025-04-27 02:00:00,94339.0,0.0,0.002011692030555512,0.0,0.0,8802.962712224129
2025-04-27 03:00:00,94160.4,-0.3006937434214215,-0.0018931724949384776,0.000569265124445523,-0.00013073487555447698,8801.811857989434
2025-04-27 04:00:00,94100.0,-0.3078276165337949,-0.0006414586174229298,0.00019745867730636387,-0.0005025413226936361,8797.388583816219
2025-04-27 05:00:00,93970.1,-0.31581321903803017,-0.0013804463336875017,0.00043596320035109665,-0.00026403679964890335,8795.06574948928
2025-04-27 06:00:00,94044.1,-0.29831664180605844,0.0007874845296536037,-0.0002349197403604865,-0.0009349197403604864,8786.843068902313
2025-04-27 07:00:00,94104.4,0.0,0.0006411885487764835,0.0,-0.0007,8780.692278754083
2025-04-27 08:00:00,94237.4,0.3035296158173092,0.0014133239253424357,0.0004289856680846009,-0.0002710143319153991,8778.3125853024
2025-04-27 09:00:00,94186.1,0.2988324190475405,-0.0005443698574025824,-0.00016267536134417836,-0.0008626753613441784,8770.739751320882
2025-04-27 10:00:00,94071.4,0.30321406913188953,-0.0012178017775448247,-0.00036925463236541444,-0.0010692546323654143,8761.36159721251
2025-04-27 11:00:00,93974.8,0.30467899891093336,-0.0010268795829549981,-0.0003128686433368056,-0.0010128686433368056,8752.487488777759
2025-04-27 12:00:00,93799.0,0.0,-0.0018707142765933549,-0.0,-0.0007,8746.360747535613
2025-04-27 13:00:00,94087.1,0.0,0.0030714613162188265,0.0,0.0,8746.360747535613
2025-04-27 14:00:00,94008.3,0.3031746719207769,-0.0008375218281784225,-0.00025391540548448254,-0.0009539154054844825,8738.017459276614
2025-04-27 15:00:00,93952.2,0.31311504741358615,-0.0005967558183692656,-0.00018685322636302602,-0.000886853226363026,8730.268120300838
2025-04-27 16:00:00,93895.2,0.0,-0.000606691487799127,-0.0,-0.0007,8724.156932616626
2025-04-27 17:00:00,94076.6,0.42519589382070616,0.0019319411428913025,0.000821453441060664,0.000121453441060664,8725.216511496446
2025-04-27 18:00:00,94306.7,0.4316724222971029,0.002445879209070023,0.001055818602825379,0.00035581860282537907,8728.321105844916
2025-04-27 19:00:00,94438.5,0.4127723560439392,0.0013975677231841122,0.0005768773218296698,-0.00012312267817033015,8727.246451574432
2025-04-27 20:00:00,94354.6,0.0,-0.0008884088586751382,-0.0,-0.0007,8721.13737905833
2025-04-27 21:00:00,94399.9,0.0,0.00048010377872387267,0.0,0.0,8721.13737905833
2025-04-27 22:00:00,93988.0,0.43969849246037823,-0.00436335207982208,-0.0019185593315716248,-0.0026185593315716247,8698.300563392479
2025-04-27 23:00:00,93817.0,0.38403511178017374,-0.0018193811975997232,-0.000698706261590956,-0.001398706261590956,8686.134195929262
2025-04-28 00:00:00,93400.0,0.3693054419781139,-0.004444823432853351,-0.0016414974823845841,-0.002341497482384584,8665.795634577838
2025-04-28 01:00:00,92971.1,0.3470758856620837,-0.004592077087794411,-0.0015937992222748072,-0.002293799222274807,8645.918039290851
2025-04-28 02:00:00,93626.2,0.0,0.007046275670611557,0.0,-0.0007,8639.865896663348
2025-04-28 03:00:00,93903.1,0.28451814819250165,0.002957505484576073,0.0008414639837407515,0.0001414639837407515,8641.088126512075
2025-04-28 04:00:00,94060.0,0.29014341374366726,0.0016708713556847776,0.00048479231906489067,-0.00021520768093510933,8639.228497975613
2025-04-28 05:00:00,94260.2,0.2873032485780508,0.0021284286625558035,0.0006115044691189182,-8.849553088108178e-05,8638.463964863282
2025-04-28 06:00:00,94620.1,0.0,0.003818154427849718,0.0,-0.0007,8632.417040087876
2025-04-28 07:00:00,94707.9,0.0,0.0009279212344943666,0.0,0.0,8632.417040087876
2025-04-28 08:00:00,94703.7,0.0,-4.434688130550146e-05,-0.0,-0.0,8632.417040087876
2025-04-28 09:00:00,94772.3,0.0,0.0007243645179650926,0.0,0.0,8632.417040087876
2025-04-28 10:00:00,95087.8,-0.2758838135017814,0.0033290317951553128,-0.000918425986916129,-0.0016184259869161288,8618.4461120203
2025-04-28 11:00:00,95301.9,0.24413211034711826,0.002251603255096768,0.0005496886543312149,-0.00015031134566878513,8617.15066178763
2025-04-28 12:00:00,95427.8,0.23571801390680824,0.0013210649525350338,0.00031139880685345005,-0.00038860119314654994,8613.802026758936
2025-04-28 13:00:00,94000.1,-0.24383447122693944,-0.014961049086324896,0.0036480194929643162,0.002948019492964316,8639.195683042357
2025-04-28 14:00:00,94441.9,0.20062767802083645,0.004699995000005286,0.0009429490835606017,0.0002429490835606017,8641.294567716253
2025-04-28 15:00:00,93856.2,0.0,-0.006201696492764253,-0.0,-0.0007,8635.245661518853
2025-04-28 16:00:00,93760.6,0.0,-0.001018579486490978,-0.0,-0.0,8635.245661518853
2025-04-28 17:00:00,94128.2,0.0,0.003920623374850329,0.0,0.0,8635.245661518853
2025-04-28 18:00:00,94246.2,0.0,0.0012536094390416253,0.0,0.0,8635.245661518853
2025-04-28 19:00:00,94806.7,0.17690392853050102,0.00594718938270189,0.0010520811655148495,0.0003520811655148495,8638.285968875867
2025-04-28 20:00:00,94519.7,0.16832183134124237,-0.0030272122117951383,-0.0005095459033479306,-0.0012095459033479306,8627.837565470267
2025-04-28 21:00:00,94553.5,0.1681035517876197,0.00035759741091023756,6.0113394884067846e-05,-0.0006398866051159322,8622.316727781006
2025-04-28 22:00:00,94847.8,0.1690270081009383,0.003112523597751604,0.000526100551371522,-0.00017389944862847805,8620.817311656147
2025-04-28 23:00:00,94998.1,0.0,0.0015846440296980457,0.0,-0.0007,8614.782739537986
2025-04-29 00:00:00,95071.2,-0.1627036701296665,0.0007694890739919913,-0.0001251986964631755,-0.0008251986964631755,8607.673832051007
2025-04-29 01:00:00,94935.9,-0.1726902676696176,-0.0014231439174008376,0.0002457631040283388,-0.0004542368959716612,8603.763909008
2025-04-29 02:00:00,94672.0,-0.17105713308215767,-0.0027797703503099624,0.0004754995467508073,-0.00022450045324919272,8601.832360110777
2025-04-29 03:00:00,94684.8,-0.1735831277196849,0.0001352036504986831,-2.3469072532680547e-05,-0.0007234690725326805,8595.609200431125
2025-04-29 04:00:00,94384.7,0.0,-0.0031694633140695316,-0.0,-0.0007,8589.592273990824
2025-04-29 05:00:00,94299.6,0.0,-0.0009016291835434176,-0.0,-0.0,8589.592273990824
2025-04-29 06:00:00,94813.1,0.0,0.005445410160806574,0.0,0.0,8589.592273990824
2025-04-29 07:00:00,94990.0,0.24762106901491673,0.0018657759318068123,0.00046200543077630523,-0.00023799456922369476,8587.547997677768
2025-04-29 08:00:00,94981.1,0.2626050420161173,-9.369407306025757e-05,-2.4604535992650102e-05,-0.0007246045359926501,8581.325421445596
2025-04-29 09:00:00,95000.0,0.2730854757531649,0.00019898695635234276,5.434044764415378e-05,-0.0006456595523558462,8575.784806715365
2025-04-29 10:00:00,94830.4,0.0,-0.0017852631578948452,-0.0,-0.0007,8569.781757350664
2025-04-29 11:00:00,95159.9,-0.31069684864528513,0.003474624171151852,-0.0010795547802036163,-0.0017795547802036162,8554.531361259069
2025-04-29 12:00:00,94852.0,-0.29780264193398,-0.0032356065947946044,0.0009635721921888419,0.0002635721921888419,8556.786097843104
2025-04-29 13:00:00,94878.1,0.0,0.000275165521022247,0.0,-0.0007,8550.796347574615
2025-04-29 14:00:00,95119.6,0.29149055778715466,0.0025453713765346553,0.0007419517223215443,4.19517223215443e-05,8551.155068208616
2025-04-29 15:00:00,94864.3,0.0,-0.0026839894196359904,-0.0,-0.0007,8545.16925966087
2025-04-29 16:00:00,94998.2,0.290053245487795,0.001411489886079309,0.0004094072224305016,-0.00029059277756949837,8542.686095190904
2025-04-29 17:00:00,95252.1,-0.27665250469244757,0.0026726822192422173,-0.0007394042302003287,-0.0014394042302003287,8530.389716688213
2025-04-29 18:00:00,95434.0,-0.25851721909267555,0.0019096691831466117,-0.0004936823666140433,-0.0011936823666140433,8520.207140903056
2025-04-29 19:00:00,95347.0,0.2674001069593275,-0.0009116247878114825,-0.00024376856576756463,-0.0009437685657675646,8512.166037229643
2025-04-29 20:00:00,94881.6,0.0,-0.0048811184410625374,-0.0,-0.0007,8506.207521003582
2025-04-29 21:00:00,94762.8,0.0,-0.0012520868113522488,-0.0,-0.0,8506.207521003582
2025-04-29 22:00:00,94198.4,0.251898233113188,-0.00595592363248032,-0.001500286639578873,-0.002200286639578873,8487.491426241633
2025-04-29 23:00:00,94269.6,0.23201856148438102,0.0007558514794308024,0.000175371572953376,-0.000524628427046624,8483.038646965113
2025-04-30 00:00:00,94514.6,0.2217435377592653,0.0025989290290826528,0.0005762957172940399,-0.00012370428270596008,8481.989258754124
2025-04-30 01:00:00,94533.3,0.215090107390955,0.00019785303011388145,4.255622949482061e-05,-0.0006574437705051794,8476.412827754464
2025-04-30 02:00:00,94660.4,0.0,0.0013444997688645266,0.0,-0.0007,8470.479338775036
2025-04-30 03:00:00,95044.9,0.0,0.004061888603893449,0.0,0.0,8470.479338775036
2025-04-30 04:00:00,95075.7,0.0,0.00032405736657104,0.0,0.0,8470.479338775036
2025-04-30 05:00:00,94914.9,0.22883669232854373,-0.0016912838927297669,-0.0003870278118008234,-0.0010870278118008234,8461.271692154503
2025-04-30 06:00:00,94769.1,0.23415286837208987,-0.00153611287584976,-0.00035968523602352125,-0.0010596852360235214,8452.305407464344
2025-04-30 07:00:00,94636.0,0.25104902628778897,-0.0014044662236953886,-0.0003525898779128153,-0.0010525898779128154,8443.408596347419
2025-04-30 08:00:00,94697.2,0.0,0.0006466883638360788,0.0,-0.0007,8437.498210329975
2025-04-30 09:00:00,94982.7,0.0,0.0030148726678296267,0.0,0.0,8437.498210329975
2025-04-30 10:00:00,94960.0,0.27032245607187094,-0.00023899088991996553,-6.460460434196722e-05,-0.0007646046043419672,8431.04686034923
2025-04-30 11:00:00,95194.2,0.0,0.002466301600673848,0.0,-0.0007,8425.145127546986
2025-04-30 12:00:00,94635.9,0.3117970646523759,-0.005864853110798762,-0.0018286439845644096,-0.0025286439845644097,8403.840935001132
2025-04-30 13:00:00,93080.1,0.3036612875229365,-0.016439849993501232,-0.0049921460157105225,-0.005692146015710523,8356.005045306301
2025-04-30 14:00:00,93785.1,0.2466221572386324,0.007574121643616705,0.0018679462189365678,0.0011679462189365677,8365.764409804382
2025-04-30 15:00:00,94020.1,0.21257535036927758,0.0025057285219081127,0.0005326561184749091,-0.0001673438815250909,8364.364450316121
2025-04-30 16:00:00,93979.0,0.20816915230504038,-0.0004371405688784469,-9.09991816615694e-05,-0.0007909991816615694,8357.748244880802
2025-04-30 17:00:00,94111.2,0.1999000499746133,0.001406697240872834,0.0002811988487496302,-0.0004188011512503698,8354.248010293984
2025-04-30 18:00:00,94116.2,0.2008925368418529,5.3128639311728065e-05,1.0673147130288844e-05,-0.0006893268528697111,8348.489202804954
2025-04-30 19:00:00,94189.5,0.19712201852908126,0.0007788244744262318,0.00015352345247874965,-0.0005464765475212503,8343.926949248387
2025-04-30 20:00:00,94591.0,0.0,0.0042626832077885535,0.0,-0.0007,8338.086200383914
2025-04-30 21:00:00,94435.2,0.0,-0.0016470911608926775,-0.0,-0.0,8338.086200383914
2025-04-30 22:00:00,94120.1,-0.18016626772674912,-0.0033366795432210328,0.0006011570999023276,-9.884290009767242e-05,8337.262039762603
2025-04-30 23:00:00,94205.4,-0.17125591750328456,0.0009062888798458957,-0.00015520733364103289,-0.0008552073336410329,8330.131952123711
2025-05-01 00:00:00,94377.7,-0.17167171463226638,0.0018289822027188762,-0.0003139845107726489,-0.001013984510772649,8321.685327351566
2025-05-01 01:00:00,94633.1,0.0,0.0027061477446475024,0.0,-0.0007,8315.86014762242
2025-05-01 02:00:00,94791.0,0.0,0.0016685493764865278,0.0,0.0,8315.86014762242
2025-05-01 03:00:00,94779.9,0.0,-0.00011709972465745455,-0.0,-0.0,8315.86014762242
2025-05-01 04:00:00,94850.0,0.0,0.0007396082924755465,0.0,0.0,8315.86014762242
2025-05-01 05:00:00,95100.0,0.2634302380273433,0.0026357406431207764,0.000694333784995649,-5.666215004351003e-06,8315.813028170878
2025-05-01 06:00:00,94914.9,0.0,-0.0019463722397476957,-0.0,-0.0007,8309.991959051158
2025-05-01 07:00:00,95038.6,0.288303130147439,0.0013032727211430561,0.0003757376049413135,-0.00032426239505868647,8307.297341155598
2025-05-01 08:00:00,95149.9,0.30819354554565304,0.0011711031096837132,0.00036092641957296336,-0.00033907358042703663,8304.480556102459
2025-05-01 09:00:00,95545.8,0.3222910287979662,0.004160803111721734,0.0013409895155025765,0.0006409895155025765,8309.803641070617
2025-05-01 10:00:00,96180.0,0.0,0.006637654402391391,0.0,-0.0007,8303.986778521867
2025-05-01 11:00:00,96209.5,0.0,0.000306716573092114,0.0,0.0,8303.986778521867
2025-05-01 12:00:00,96390.1,0.2919038385346243,0.0018771535035522202,0.0005479483132056117,-0.00015205168679438834,8302.724143325075
2025-05-01 13:00:00,95905.1,0.0,-0.005031637066462258,-0.0,-0.0007,8296.912236424747
2025-05-01 14:00:00,96888.2,-0.28301123958842833,0.010250758301695972,-0.0029010798136843495,-0.0036010798136843496,8267.034393254246
2025-05-01 15:00:00,96923.8,0.0,0.00036743380514869806,0.0,-0.0007,8261.247469178967
2025-05-01 16:00:00,97091.5,0.0,0.0017302251872088892,0.0,0.0,8261.247469178967
2025-05-01 17:00:00,96796.8,0.0,-0.0030352811523151058,-0.0,-0.0,8261.247469178967
2025-05-01 18:00:00,96917.9,0.0,0.0012510744156830622,0.0,0.0,8261.247469178967
2025-05-01 19:00:00,96560.0,-0.20312817387730345,-0.0036928162909017903,0.0007501150296352376,5.0115029635237614e-05,8261.661481840709
2025-05-01 20:00:00,96458.7,0.19729703067929877,-0.0010490886495443386,-0.0002069820754744535,-0.0009069820754744535,8254.168302963042
2025-05-01 21:00:00,96504.1,0.0,0.00047066775728898946,0.0,-0.0007,8248.390385150968
2025-05-01 22:00:00,96419.6,0.0,-0.0008756104662910325,-0.0,-0.0,8248.390385150968
2025-05-01 23:00:00,96469.9,-0.18691588785011792,0.0005216781650203561,-9.75099373868002e-05,-0.0007975099373868002,8241.812211851364
2025-05-02 00:00:00,97049.9,-0.19746678326571102,0.0060122380141369725,-0.0011872173008794543,-0.0018872173008794542,8226.258121254557
2025-05-02 01:00:00,96999.9,0.0,-0.0005151988822245102,-0.0,-0.0007,8220.49974056968
2025-05-02 02:00:00,97016.3,0.0,0.0001690723392500093,0.0,0.0,8220.49974056968
2025-05-02 03:00:00,97183.1,0.0,0.0017192987157828021,0.0,0.0,8220.49974056968
2025-05-02 04:00:00,96964.9,-0.22318937618519605,-0.002245246344271923,0.0005011151309601424,-0.00019888486903985763,8218.864807555336
2025-05-02 05:00:00,96709.4,-0.24878274158519426,-0.0026349740988749204,0.0006555360803240794,-4.446391967592061e-05,8218.499364610703
2025-05-02 06:00:00,96729.9,-0.265543795758182,0.00021197525783422932,-5.628871457212056e-05,-0.0007562887145721206,8212.283806290532
2025-05-02 07:00:00,96418.3,0.0,-0.003221341074476358,-0.0,-0.0007,8206.535207626128
2025-05-02 08:00:00,96639.9,0.0,0.0022983188875969063,0.0,0.0,8206.535207626128
2025-05-02 09:00:00,96655.0,0.0,0.0001562501616827472,0.0,0.0,8206.535207626128
2025-05-02 10:00:00,96887.3,0.0,0.0024033935130101103,0.0,0.0,8206.535207626128
2025-05-02 11:00:00,96970.5,0.0,0.000858729678709258,0.0,0.0,8206.535207626128
2025-05-02 12:00:00,97189.9,0.0,0.002262543763309477,0.0,0.0,8206.535207626128
2025-05-02 13:00:00,96764.8,0.0,-0.0043739112809045855,-0.0,-0.0,8206.535207626128
2025-05-02 14:00:00,97836.6,0.0,0.011076341810245083,0.0,0.0,8206.535207626128
2025-05-02 15:00:00,97419.1,0.0,-0.00426731918320955,-0.0,-0.0,8206.535207626128
2025-05-02 16:00:00,97394.8,0.0,-0.00024943773859542606,-0.0,-0.0,8206.535207626128
2025-05-02 17:00:00,97447.7,0.0,0.0005431501476464984,0.0,0.0,8206.535207626128
2025-05-02 18:00:00,97212.5,0.0,-0.002413602373375623,-0.0,-0.0,8206.535207626128
2025-05-02 19:00:00,97006.6,0.0,-0.002118040375466035,-0.0,-0.0,8206.535207626128
2025-05-02 20:00:00,97093.4,0.0,0.0008947844785818226,0.0,0.0,8206.535207626128
2025-05-02 21:00:00,96777.0,0.0,-0.0032587178943160877,-0.0,-0.0,8206.535207626128
2025-05-02 22:00:00,96669.9,0.0,-0.0011066679066307206,-0.0,-0.0,8206.535207626128
2025-05-02 23:00:00,96920.7,0.0,0.0025943959805483363,0.0,0.0,8206.535207626128
2025-05-03 00:00:00,96692.3,0.0,-0.002356565728476978,-0.0,-0.0,8206.535207626128
2025-05-03 01:00:00,96514.6,0.0,-0.0018377885312480524,-0.0,-0.0,8206.535207626128
2025-05-03 02:00:00,96599.2,0.0,0.0008765513196966612,0.0,0.0,8206.535207626128
2025-05-03 03:00:00,96434.6,0.0,-0.0017039478587813628,-0.0,-0.0,8206.535207626128
2025-05-03 04:00:00,96528.8,0.0,0.0009768278190607216,0.0,0.0,8206.535207626128
2025-05-03 05:00:00,96500.2,0.0,-0.0002962846321512558,-0.0,-0.0,8206.535207626128
2025-05-03 06:00:00,96220.1,0.0,-0.0029025846578555337,-0.0,-0.0,8206.535207626128
2025-05-03 07:00:00,96381.9,0.0,0.0016815613369762783,0.0,0.0,8206.535207626128
2025-05-03 08:00:00,96378.1,0.0,-3.942648982835362e-05,-0.0,-0.0,8206.535207626128
2025-05-03 09:00:00,96277.7,0.0,-0.0010417304346113099,-0.0,-0.0,8206.535207626128
2025-05-03 10:00:00,95893.9,0.0,-0.003986385216929844,-0.0,-0.0,8206.535207626128
2025-05-03 11:00:00,95939.9,0.0,0.00047969683160231646,0.0,0.0,8206.535207626128
2025-05-03 12:00:00,96170.1,0.0,0.002399418802813136,0.0,0.0,8206.535207626128
2025-05-03 13:00:00,96364.2,0.0,0.002018298826766296,0.0,0.0,8206.535207626128
2025-05-03 14:00:00,96393.0,-0.4948570216652234,0.0002988661764431466,-0.00014789602595112868,-0.0008478960259511287,8199.576919036754
2025-05-03 15:00:00,96444.8,0.0,0.0005373834199580152,0.0,-0.0007,8193.837215193427
2025-05-03 16:00:00,96220.5,0.0,-0.0023256826702943156,-0.0,-0.0,8193.837215193427
2025-05-03 17:00:00,96205.2,-0.5069892083699981,-0.00015900977442440123,8.061623965851915e-05,-0.0006193837603414808,8188.762085487454
2025-05-03 18:00:00,96174.8,0.0,-0.00031599123540093643,-0.0,-0.0007,8183.029952027613
2025-05-03 19:00:00,96380.7,-0.5007332164930818,0.0021408934564979276,-0.0010720164666411988,-0.0017720164666411987,8168.529488205602
2025-05-03 20:00:00,96322.9,-0.4835589941949567,-0.0005997051276863674,0.0002899928083575779,-0.0004100071916424221,8165.180332370295
2025-05-03 21:00:00,96270.8,0.0,-0.0005408890305419467,-0.0,-0.0007,8159.464706137635
2025-05-03 22:00:00,96198.1,0.0,-0.0007551614819861774,-0.0,-0.0,8159.464706137635
2025-05-03 23:00:00,95869.9,0.0,-0.0034117097946841923,-0.0,-0.0,8159.464706137635
2025-05-04 00:00:00,95861.6,0.0,-8.657566139103068e-05,-0.0,-0.0,8159.464706137635
2025-05-04 01:00:00,96128.2,0.0,0.0027810927420364173,0.0,0.0,8159.464706137635
2025-05-04 02:00:00,95902.1,0.0,-0.0023520673434017647,-0.0,-0.0,8159.464706137635
2025-05-04 03:00:00,95803.2,0.0,-0.0010312600036913588,-0.0,-0.0,8159.464706137635
2025-05-04 04:00:00,95772.8,0.0,-0.00031731716685867717,-0.0,-0.0,8159.464706137635
2025-05-04 05:00:00,96066.5,0.42227182240275585,0.003066632697383831,0.0012949525777641493,0.0005949525777641493,8164.319200697728
2025-05-04 06:00:00,95944.2,0.0,-0.0012730764626587288,-0.0,-0.0007,8158.604177257239
2025-05-04 07:00:00,95900.0,0.41465509581322924,-0.00046068443949709437,-0.00019102515039933147,-0.0008910251503993315,8151.33465574315
2025-05-04 08:00:00,95665.2,0.43152606108990227,-0.002448383733055337,-0.0010565413883619605,-0.0017565413883619606,8137.016499049947
2025-05-04 09:00:00,95500.1,0.39148793378108226,-0.0017258104305430955,-0.0006756339595511564,-0.0013756339595511564,8125.822942824426
2025-05-04 10:00:00,95442.4,0.395402039143242,-0.0006041878490180563,-0.0002388971075273087,-0.0009388971075273087,8118.193631167129
2025-05-04 11:00:00,95440.1,0.38019715938263937,-2.409830431748805e-05,-9.162106847447351e-06,-0.0007091621068474474,8112.436515867855
2025-05-04 12:00:00,95530.0,0.38593009151908075,0.000941952072556429,0.0003635276495682904,-0.00033647235043170957,8109.706905285633
2025-05-04 13:00:00,95381.2,0.38003203126976653,-0.0015576258766879514,-0.000591947725876073,-0.0012919477258760731,8099.229587891828
2025-05-04 14:00:00,95590.0,0.3984630710102288,0.002189110642348835,0.0008722797493314914,0.0001722797493314914,8100.624921135008
2025-05-04 15:00:00,95498.8,0.4017331917685988,-0.0009540746940056577,-0.0003832834720085421,-0.001083283472008542,8091.849648045002
2025-05-04 16:00:00,95332.0,0.4367493370749955,-0.001746618805681388,-0.0007628346055040667,-0.0014628346055040667,8080.012610357306
2025-05-04 17:00:00,95461.3,0.46987749622199315,0.0013563126757016875,0.0006373008041528611,-6.26991958471389e-05,8079.5060000642015
2025-05-04 18:00:00,95433.2,0.4708572966042513,-0.0002943601228980741,-0.00013860161169588234,-0.0008386016116958823,8072.73051331084
2025-05-04 19:00:00,95615.7,0.49346163335557547,0.0019123323958538663,0.0009436626675768298,0.00024366266757682982,8074.697536362343
2025-05-04 20:00:00,95720.1,0.5044681464373546,0.0010918708956793033,0.0005508140868922323,-0.0001491859131077677,8073.492905237312
2025-05-04 21:00:00,95724.7,0.5224465425206879,4.805678222230547e-05,2.5107099716713153e-05,-0.0006748929002832868,8068.0441621950795
2025-05-04 22:00:00,94979.4,0.5317128750446471,-0.007785869268851275,-0.004139846933662677,-0.004839846933662677,8028.9960633960245
2025-05-04 23:00:00,94303.1,-0.44784235948745327,-0.007120491390764649,0.0031888576651501383,0.0024888576651501382,8048.979091791867
2025-05-05 00:00:00,94750.1,-0.3702136661716773,0.004740035057172021,-0.0017548257562979297,-0.0024548257562979296,8029.220250605432
2025-05-05 01:00:00,93899.0,-0.3390405153404336,-0.008982576271687415,0.0030454572882376517,0.0023454572882376516,8048.052443761081
2025-05-05 02:00:00,94238.9,0.0,0.003619846856729003,0.0,-0.0007,8042.418807050448
2025-05-05 03:00:00,94046.0,0.24909702328995106,-0.0020469254203943077,-0.0005098830291167538,-0.0012098830291167539,8032.688421022748
2025-05-05 04:00:00,94415.9,0.0,0.003933181634519167,0.0,-0.0007,8027.0655391280325
2025-05-05 05:00:00,94689.9,0.24193409024083048,0.0029020535736035136,0.000702105691159917,2.1056911599170265e-06,8027.082441648977
2025-05-05 06:00:00,94767.6,0.0,0.0008205732607173832,0.0,-0.0007,8021.463483939822
2025-05-05 07:00:00,94738.9,0.23488750566191538,-0.00030284612040409886,-7.113476982110687e-05,-0.0007711347698211069,8015.277854542505
2025-05-05 08:00:00,94561.0,0.2331041142870746,-0.0018777925435063958,-0.0004377211676689314,-0.0011377211676689314,8006.158703262644
2025-05-05 09:00:00,94609.0,0.2262406877711793,0.000507608845084162,0.00011484177423057483,-0.0005851582257694252,8001.473833640614
2025-05-05 10:00:00,94120.5,-0.22963242409775603,-0.005163356551702303,0.0011856740814484303,0.0004856740814484303,8005.359942095001
2025-05-05 11:00:00,94071.8,-0.2151892897211749,-0.0005174218156511756,0.00011134363299621718,-0.0005886563670037828,8000.64753599493
2025-05-05 12:00:00,94329.9,-0.20648358455460206,0.0027436490000189995,-0.0005665184802835725,-0.0012665184802835724,7990.514568036358
2025-05-05 13:00:00,94154.5,0.0,-0.0018594316330240446,-0.0,-0.0007,7984.921207838732
2025-05-05 14:00:00,93889.0,0.0,-0.002819833359000379,-0.0,-0.0,7984.921207838732
2025-05-05 15:00:00,93719.6,-0.22275967413392322,-0.001804258219812671,0.00040191597309892303,-0.00029808402690107696,7982.541030370611
2025-05-05 16:00:00,94184.6,-0.24953657493164622,0.004961608884374247,-0.0012381028871571759,-0.001938102887157176,7967.0700445528
2025-05-05 17:00:00,94519.0,-0.2606882168919172,0.003550474281358129,-0.0009255668095278618,-0.0016255668095278618,7954.119039919191
2025-05-05 18:00:00,94727.3,-0.2511390951810861,0.002203789714237292,-0.0005534577548029379,-0.001253457754802938,7944.148887725979
2025-05-05 19:00:00,94324.4,0.0,-0.00425326173130669,-0.0,-0.0007,7938.587983504571
2025-05-05 20:00:00,94239.5,0.2431104242270994,-0.0009000852377538671,-0.00021882010399089223,-0.0009188201039908922,7931.293849268025
2025-05-05 21:00:00,94700.0,0.2332672409478545,0.004886486027621206,0.0011398571135934404,0.0004398571135934404,7934.782485287626
2025-05-05 22:00:00,95040.2,0.0,0.003592397043294504,0.0,-0.0007,7929.228137547924
2025-05-05 23:00:00,94727.0,-0.2133756020235653,-0.0032954476105899744,0.0007031681178467556,3.168117846755582e-06,7929.253258277098
2025-05-06 00:00:00,94518.9,-0.205785512699483,-0.0021968393383090534,0.0004520777095523216,-0.0002479222904476784,7927.287419647766
2025-05-06 01:00:00,94350.1,-0.20856921518340452,-0.0017858862090014416,0.0003724808850182962,-0.0003275191149817038,7924.6910814878765
2025-05-06 02:00:00,94294.0,0.0,-0.0005945939643944298,-0.0,-0.0007,7919.143797730835
2025-05-06 03:00:00,94440.1,0.0,0.0015494092943348914,0.0,0.0,7919.143797730835
2025-05-06 04:00:00,94504.7,0.22065313327400654,0.0006840314654472657,0.0001509336861089495,-0.0005490663138910505,7914.795662636642
2025-05-06 05:00:00,94326.3,0.0,-0.0018877368003918926,-0.0,-0.0007,7909.255305672797
2025-05-06 06:00:00,94430.2,0.0,0.0011014955532020476,0.0,0.0,7909.255305672797
2025-05-06 07:00:00,94377.4,0.0,-0.0005591431554735626,-0.0,-0.0,7909.255305672797
2025-05-06 08:00:00,94289.9,0.0,-0.0009271287405671069,-0.0,-0.0,7909.255305672797
2025-05-06 09:00:00,94150.0,0.0,-0.0014837220105228255,-0.0,-0.0,7909.255305672797
2025-05-06 10:00:00,93879.9,0.0,-0.0028688263409453185,-0.0,-0.0,7909.255305672797
2025-05-06 11:00:00,93728.2,0.0,-0.0016158943501217715,-0.0,-0.0,7909.255305672797
2025-05-06 12:00:00,93959.7,0.3223726627971585,0.002469907669196747,0.0007962307121820786,9.62307121820786e-05,7910.016418943692
2025-05-06 13:00:00,93609.9,0.3414134516888341,-0.0037228726783929966,-0.0012710388113282077,-0.001971038811328208,7894.42546958371
2025-05-06 14:00:00,94133.9,0.0,0.005597698534022477,0.0,-0.0007,7888.899371755002
2025-05-06 15:00:00,94537.0,0.0,0.00428219801792995,0.0,0.0,7888.899371755002
2025-05-06 16:00:00,94234.9,-0.28521370655502865,-0.0031955742196178027,0.0009114215677488867,0.0002114215677488867,7890.567255227991
2025-05-06 17:00:00,94524.3,-0.2716020641749513,0.003071049048707142,-0.0008341032608113803,-0.0015341032608113803,7878.462310272095
2025-05-06 18:00:00,95015.0,0.0,0.005191257697755969,0.0,-0.0007,7872.947386654905
2025-05-06 19:00:00,95000.0,0.0,-0.0001578698100299647,-0.0,-0.0,7872.947386654905
2025-05-06 20:00:00,94708.1,0.0,-0.003072631578947327,-0.0,-0.0,7872.947386654905
2025-05-06 21:00:00,94663.0,0.22922260789783158,-0.0004762000293534463,-0.00010915581260942091,-0.0008091558126094209,7866.576945514625
2025-05-06 22:00:00,96222.0,0.22814679616661407,0.01646894774093366,0.003757337663329411,0.0030573376633294107,7890.627727491626
2025-05-06 23:00:00,96816.7,-0.1910741094578037,0.0061804992621230515,-0.001180933392514775,-0.001880933392514775,7875.785982311083
2025-05-07 00:00:00,97379.9,0.0,0.0058171782347467005,0.0,-0.0007,7870.272932123466
2025-05-07 01:00:00,97233.5,-0.17240317714396727,-0.0015033903300372131,0.00025918926938593305,-0.00044081073061406694,7866.803631362123
2025-05-07 02:00:00,96616.1,0.0,-0.006349663439040976,-0.0,-0.0007,7861.29686882017
2025-05-07 03:00:00,96486.8,0.16015557970574362,-0.0013382862690587416,-0.00021433401323333955,-0.0009143340132333395,7854.109017704882
2025-05-07 04:00:00,96547.7,0.16317396675886586,0.0006311744197133873,0.00010299123378135871,-0.0005970087662186413,7849.420045770476
2025-05-07 05:00:00,96312.1,0.1787218832176959,-0.0024402445630501424,-0.0004361251038200649,-0.001136125103820065,7840.502122606047
2025-05-07 06:00:00,96511.6,0.0,0.00207139082212926,0.0,-0.0007,7835.0137711202215
2025-05-07 07:00:00,96949.1,0.0,0.004533133840906256,0.0,0.0,7835.0137711202215
2025-05-07 08:00:00,97000.0,0.19951261917276533,0.0005250177670550471,0.00010474766981738924,-0.0005952523301826107,7830.349960915949
2025-05-07 09:00:00,96976.4,0.21048516831251918,-0.00024329896907226978,-5.12108244554391e-05,-0.0007512108244554391,7824.467717266035
2025-05-07 10:00:00,97039.0,0.0,0.0006455178785766957,0.0,-0.0007,7818.990589863949
2025-05-07 11:00:00,97011.5,0.0,-0.00028339121384191035,-0.0,-0.0,7818.990589863949
2025-05-07 12:00:00,96971.6,0.0,-0.0004112914448286542,-0.0,-0.0,7818.990589863949
2025-05-07 13:00:00,97027.4,0.0,0.0005754262072605876,0.0,0.0,7818.990589863949
2025-05-07 14:00:00,96900.0,0.0,-0.0013130311643926307,-0.0,-0.0,7818.990589863949
2025-05-07 15:00:00,96919.9,0.30272888465938,0.00020536635706913664,6.217032822209972e-05,-0.0006378296717779003,7814.003405662381
2025-05-07 16:00:00,96850.0,0.0,-0.0007212141159864682,-0.0,-0.0007,7808.533603278417
2025-05-07 17:00:00,96318.6,0.0,-0.005486835312338623,-0.0,-0.0,7808.533603278417
2025-05-07 18:00:00,96598.8,0.0,0.002909095439510123,0.0,0.0,7808.533603278417
2025-05-07 19:00:00,96235.5,0.0,-0.0037609162846743427,-0.0,-0.0,7808.533603278417
2025-05-07 20:00:00,96770.1,0.0,0.005555122589896655,0.0,0.0,7808.533603278417
2025-05-07 21:00:00,97123.1,0.0,0.003647820969493676,0.0,0.0,7808.533603278417
2025-05-07 22:00:00,97236.0,0.22864982279586582,0.001162442302603539,0.0002657922265007174,-0.00043420777349928257,7805.143077288243
2025-05-07 23:00:00,97031.4,0.0,-0.0021041589534740446,-0.0,-0.0007,7799.679477134142
2025-05-08 00:00:00,97730.0,0.0,0.007199731221027461,0.0,0.0,7799.679477134142
2025-05-08 01:00:00,97777.5,0.0,0.0004860329479177139,0.0,0.0,7799.679477134142
2025-05-08 02:00:00,98682.7,0.0,0.009257753573163496,0.0,0.0,7799.679477134142
2025-05-08 03:00:00,99158.0,0.0,0.004816447057083062,0.0,0.0,7799.679477134142
2025-05-08 04:00:00,98955.9,0.0,-0.002038161318300147,-0.0,-0.0,7799.679477134142
2025-05-08 05:00:00,98773.4,0.16596526584051643,-0.0018442558755971117,-0.0003060824166714091,-0.0010060824166714091,7791.832356756524
2025-05-08 06:00:00,99000.0,0.0,0.0022941399202620616,0.0,-0.0007,7786.378074106795
2025-05-08 07:00:00,99229.4,0.0,0.0023171717171717177,0.0,0.0,7786.378074106795
2025-05-08 08:00:00,99730.0,0.17578443805451027,0.005044875813015048,0.0008868106598456409,0.00018681065984564094,7787.8326525326265
2025-05-08 09:00:00,99775.0,0.1857675517160136,0.0004512182893814387,8.382171690787761e-05,-0.0006161782830921224,7783.03395917978
2025-05-08 10:00:00,99800.2,0.0,0.0002525682786269634,0.0,-0.0007,7777.585835408354
2025-05-08 11:00:00,99435.9,0.0,-0.0036502932859854287,-0.0,-0.0,7777.585835408354
2025-05-08 12:00:00,99316.5,0.0,-0.0012007735636726524,-0.0,-0.0,7777.585835408354
2025-05-08 13:00:00,99302.8,0.0,-0.00013794283930668172,-0.0,-0.0,7777.585835408354
2025-05-08 14:00:00,99394.7,0.0,0.0009254522531085829,0.0,0.0,7777.585835408354
2025-05-08 15:00:00,100799.1,-0.22935028341089575,0.014129526021005256,-0.003240610797379182,-0.0039406107973791816,7746.937396687801
2025-05-08 16:00:00,101300.1,-0.18319571845401617,0.004970282472760212,-0.0009105344685167112,-0.0016105344685167112,7734.460686984994
2025-05-08 17:00:00,101000.0,0.0,-0.0029624847359479567,-0.0,-0.0007,7729.046564504104
2025-05-08 18:00:00,101373.2,0.1839442911571968,0.003695049504950365,0.0006796832619788458,-2.0316738021154213e-05,7728.8895354899005
2025-05-08 19:00:00,101249.9,0.18423961678125758,-0.0012162977986293066,-0.00022409024031135066,-0.0009240902403113507,7721.747344101709
2025-05-08 20:00:00,102592.9,0.18278671401679536,0.013264210631319218,0.0024245214753254823,0.0017245214753254822,7735.06366322365
2025-05-08 21:00:00,102812.2,0.0,0.0021375748224292668,0.0,-0.0007,7729.649118659393
2025-05-08 22:00:00,102921.5,0.0,0.0010631034060160083,0.0,0.0,7729.649118659393
2025-05-08 23:00:00,103228.0,-0.12985928818541873,0.0029779977944355274,-0.0003867206738031445,-0.0010867206738031446,7721.249149160902
2025-05-09 00:00:00,102791.0,-0.12713057217822052,-0.004233347541364729,0.0005381878951629611,-0.0001618121048370389,7719.999757584105
2025-05-09 01:00:00,103069.8,-0.1212751212749739,0.0027122997149555683,-0.0003289344768653137,-0.0010289344768653137,7712.056383672135
2025-05-09 02:00:00,102509.7,-0.1199400299848635,-0.00543418149642283,0.0006517758916241446,-4.8224108375855414e-05,7711.684476629287
2025-05-09 03:00:00,102372.0,0.11688094840527317,-0.0013432875132791677,-0.00015700471853303012,-0.0008570047185330301,7705.075526644978
2025-05-09 04:00:00,102798.9,0.0,0.0041700855702730966,0.0,-0.0007,7699.681973776325
2025-05-09 05:00:00,102939.8,0.1201159977348111,0.0013706372344453044,0.00016463545894787994,-0.0005353645410521201,7695.559837070188
2025-05-09 06:00:00,103189.8,0.1425284547877348,0.002428603902475013,0.0003461451615112261,-0.0003538548384887739,7692.836725986961
2025-05-09 07:00:00,103729.7,0.14965259219646207,0.00523210627406967,0.0007829982665618989,8.299826656189889e-05,7693.475218100163
2025-05-09 08:00:00,102961.3,0.14507772020704318,-0.007407714473289695,-0.0010746943277295867,-0.0017746943277295868,7679.821651270072
2025-05-09 09:00:00,102863.6,0.13429127778132768,-0.0009489002178487693,-0.00012742902274189143,-0.0008274290227418915,7673.46714394633
2025-05-09 10:00:00,103336.7,0.12886953800254022,0.004599294599838988,0.0005927089702188285,-0.00010729102978117148,7672.643849754463
2025-05-09 11:00:00,102976.7,0.0,-0.003483757464676107,-0.0,-0.0007,7667.272999059635
2025-05-09 12:00:00,102906.5,-0.15980275773876412,-0.0006817076095854135,0.00010893875598324983,-0.0005910612440167502,7662.741171142595
2025-05-09 13:00:00,103644.5,0.0,0.007171558647898868,0.0,-0.0007,7657.377252322795
2025-05-09 14:00:00,103148.9,0.0,-0.004781729855419248,-0.0,-0.0,7657.377252322795
2025-05-09 15:00:00,102861.7,0.0,-0.002784324408694583,-0.0,-0.0,7657.377252322795
2025-05-09 16:00:00,102484.5,0.0,-0.003667059751102708,-0.0,-0.0,7657.377252322795
2025-05-09 17:00:00,103186.2,0.15129901007196236,0.0068468890417574535,0.0010359275340904696,0.00033592753409046963,7659.9495761807675
2025-05-09 18:00:00,103201.2,-0.14358532557951956,0.00014536827599043178,-2.0872751237019602e-05,-0.0007208727512370196,7654.427727255449
2025-05-09 19:00:00,103179.9,0.0,-0.00020639294891922066,-0.0,-0.0007,7649.06962784637
2025-05-09 20:00:00,103157.1,0.0,-0.0002209732709567147,-0.0,-0.0,7649.06962784637
2025-05-09 21:00:00,102965.0,0.0,-0.0018622082241552818,-0.0,-0.0,7649.06962784637
2025-05-09 22:00:00,102794.9,0.0,-0.0016520176759093896,-0.0,-0.0,7649.06962784637
2025-05-09 23:00:00,102976.9,-0.1730210714944788,0.0017705158524401465,-0.0003063365498871546,-0.0010063365498871545,7641.3720895072365
2025-05-10 00:00:00,102862.1,-0.18576755171601397,-0.0011148131279926643,0.00020709610540806857,-0.0004929038945919314,7637.605627444293
2025-05-10 01:00:00,102993.6,-0.19490192256787006,0.001278410609933056,-0.00024916468570711605,-0.000949164685707116,7630.356281899364
2025-05-10 02:00:00,103140.1,0.0,0.0014224184803715012,0.0,-0.0007,7625.015032502035
2025-05-10 03:00:00,103200.0,0.0,0.0005807634470007539,0.0,0.0,7625.015032502035
2025-05-10 04:00:00,103150.1,0.0,-0.0004835271317829015,-0.0,-0.0,7625.015032502035
2025-05-10 05:00:00,103299.9,0.2870028700278757,0.0014522525911266904,0.00041680066165877925,-0.00028319933834122075,7622.855633289989
2025-05-10 06:00:00,103900.0,-0.3035230352294301,0.005809298944142283,-0.0017632560480811891,-0.0024632560480811892,7604.078588047638
2025-05-10 07:00:00,103787.9,0.0,-0.001078922040423591,-0.0,-0.0007,7598.755733036004
2025-05-10 08:00:00,103585.8,0.0,-0.0019472404779361518,-0.0,-0.0,7598.755733036004
2025-05-10 09:00:00,103804.7,0.32557382386349976,0.0021132240133299174,0.0006880104226999926,-1.1989577300007396e-05,7598.6646271667605
2025-05-10 10:00:00,103630.7,0.0,-0.0016762246796147018,-0.0,-0.0007,7593.345561927744
2025-05-10 11:00:00,103430.8,0.3277000140432105,-0.0019289650653715462,-0.0006321218790111182,-0.0013321218790111181,7583.230300169807
2025-05-10 12:00:00,103686.8,0.3382786449512522,0.002475084790990678,0.0008372683292357799,0.00013726832923577988,7584.271237523322
2025-05-10 13:00:00,103628.0,0.33068783068673446,-0.0005670924360671181,-0.00018753056748189095,-0.000887530567481891,7577.539964967947
2025-05-10 14:00:00,103528.0,0.0,-0.0009649901571003872,-0.0,-0.0007,7572.235686992469
2025-05-10 15:00:00,103186.9,0.0,-0.003294760837647792,-0.0,-0.0,7572.235686992469
2025-05-10 16:00:00,103400.0,0.3330716341910693,0.0020651846309949207,0.0006878544199517586,-1.21455800482414e-05,7572.143717797788
2025-05-10 17:00:00,103200.1,0.0,-0.0019332688588007407,-0.0,-0.0007,7566.843217195329
2025-05-10 18:00:00,103244.8,0.0,0.00043313911517528503,0.0,0.0,7566.843217195329
2025-05-10 19:00:00,103205.1,0.3080850314677325,-0.0003845229977683662,-0.00011846577986753391,-0.0008184657798675339,7560.650014960432
2025-05-10 20:00:00,103200.2,0.0,-4.747827384510295e-05,-0.0,-0.0007,7555.357559949959
2025-05-10 21:00:00,103766.0,0.0,0.0054825475144428815,0.0,0.0,7555.357559949959
2025-05-10 22:00:00,103615.2,0.0,-0.0014532698571786407,-0.0,-0.0,7555.357559949959
2025-05-10 23:00:00,104800.0,0.0,0.011434615770659073,0.0,0.0,7555.357559949959
2025-05-11 00:00:00,104429.8,0.0,-0.003532442748091613,-0.0,-0.0,7555.357559949959
2025-05-11 01:00:00,104128.0,0.0,-0.0028899796801296063,-0.0,-0.0,7555.357559949959
2025-05-11 02:00:00,103765.6,0.22751649494536508,-0.003480331899200939,-0.0007918329149527433,-0.0014918329149527431,7544.086228857789
2025-05-11 03:00:00,104056.7,0.0,0.0028053613143468326,0.0,-0.0007,7538.8053684975885
2025-05-11 04:00:00,104153.8,0.2017407343358654,0.0009331451026219906,0.00018825337824487684,-0.0005117466217551232,7534.94741031819
2025-05-11 05:00:00,103863.0,0.19789664141089391,-0.0027920248709121243,-0.0005525323446891941,-0.001252532344689194,7525.509644971235
2025-05-11 06:00:00,103863.4,0.0,3.851227097229071e-06,0.0,-0.0007,7520.241788219755
2025-05-11 07:00:00,103402.0,0.1975698903483208,-0.004442373348070627,-0.0008776792152646165,-0.0015776792152646165,7508.377259056715
2025-05-11 08:00:00,103858.7,0.0,0.004416742422777009,0.0,-0.0007,7503.121394975375
2025-05-11 09:00:00,104393.9,0.1852562490899165,0.0051531552002865855,0.0009546542033832902,0.00025465420338329024,7505.0320963771
2025-05-11 10:00:00,104579.0,0.17552878045080098,0.001773092105956442,0.00031122869498547665,-0.00038877130501452334,7502.1143552548165
2025-05-11 11:00:00,104675.0,0.1719542601665,0.0009179663221106082,0.0001578482197762927,-0.0005421517802237073,7498.047070601673
2025-05-11 12:00:00,104611.1,0.17757483510876637,-0.0006104609505611647,-0.00010840250263623959,-0.0008084025026362395,7491.985630584914
2025-05-11 13:00:00,104036.6,0.17558381618851937,-0.005491769037893723,-0.0009642657652993334,-0.0016642657652993333,7479.516975385817
2025-05-11 14:00:00,104184.7,0.19338619222550088,0.0014235374858462269,0.00027529249387806464,-0.00042470750612193535,7476.340368384204
2025-05-11 15:00:00,104192.0,0.21066253366794338,7.00678698504209e-05,1.476067499140537e-05,-0.0006852393250085946,7471.217285956638
2025-05-11 16:00:00,103988.3,0.21051681878968698,-0.0019550445331695254,-0.0004115697557150172,-0.0011115697557150172,7462.912506783194
2025-05-11 17:00:00,104070.1,0.0,0.0007866269570711015,0.0,-0.0007,7457.688468028445
2025-05-11 18:00:00,104546.1,0.0,0.004573840132756635,0.0,0.0,7457.688468028445
2025-05-11 19:00:00,104403.1,0.21087195553569754,-0.0013678176421693111,-0.00028843438102046963,-0.0009884343810204696,7450.317032343706
2025-05-11 20:00:00,104292.9,-0.21447721179578666,-0.001055524213361636,0.00022638589026474472,-0.0004736141097352553,7446.788457075188
2025-05-11 21:00:00,104378.3,0.0,0.0008188476876183071,0.0,-0.0007,7441.575705155235
2025-05-11 22:00:00,103805.9,0.0,-0.005483898473150117,-0.0,-0.0,7441.575705155235
2025-05-11 23:00:00,104119.0,0.20924254199752992,0.003016206207932415,0.0006311186541365088,-6.888134586349119e-05,7441.0631194053185
2025-05-12 00:00:00,104595.7,0.0,0.004578415082741927,0.0,-0.0007,7435.854375221736
2025-05-12 01:00:00,104019.4,-0.21413603756512128,-0.00550978673119451,0.0011798438984468745,0.0004798438984468745,7439.422424573424
2025-05-12 02:00:00,103887.5,-0.18994898512934774,-0.0012680326939012998,0.00024086152331738474,-0.00045913847668261525,7436.006699494006
2025-05-12 03:00:00,104089.1,-0.18675132726801347,0.001940560702683225,-0.0003624022868702411,-0.0010624022868702412,7428.106668971282
2025-05-12 04:00:00,104051.0,-0.19318871777850918,-0.0003660325624873506,7.07133614121133e-05,-0.0006292866385878867,7423.4322606944925
2025-05-12 05:00:00,103931.9,-0.20002857551038758,-0.0011446309982605651,0.00022895890806709377,-0.0004710410919329062,7419.935519056526
2025-05-12 06:00:00,104397.3,-0.211739439495007,0.004477932184440148,-0.0009481548508300092,-0.001648154850830009,7407.706316337946
2025-05-12 07:00:00,104460.0,-0.20773670855980506,0.0006005902451500233,-0.00012476464072059228,-0.0008247646407205922,7401.5967020993885
2025-05-12 08:00:00,104655.1,-0.17511601435920657,0.001867700555236551,-0.00032706427724950196,-0.0010270642772495018,7393.994786532055
2025-05-12 09:00:00,104440.0,0.0,-0.002055322674193616,-0.0,-0.0007,7388.818990181481
